codigo	categoria	descricao
003029	BEBIDAS	AGUA MINERAL BURGER KING CX 48 UN
028459	BEBIDAS	BEBIDA LACTEA DOCE DE LEITE UHT BK CX10X2UN
021403	CARNES/PEIXES/AVES	CARNE CONG MOIDA WHOPPER BK CX 17,2KG
031777	CARNES/PEIXES/AVES	CHICKEN JR CLEAN BK CX 9,88KG
034580	CARNES/PEIXES/AVES	CHICKEN NUGGETS CLEAN BK CX 12 KG
035708	COBERTURAS	MISTURA MILK SHAKE BAU BK DOHLER CX 13,16
003043	DESCARTAVEIS	GUARDANAPO EMBALADO BK 20X30 CX 2400 UND
009241	DESCARTAVEIS	GUARDANAPO SORVETE BK 20 X 20 CX 5000 UND
024016	DESCARTAVEIS	COPO MIX INSTITUCIONAL 290ML BK BO PACK CX 320UN
024416	DESCARTAVEIS	KIT TEFLON TOSTER BK CX C/ 5UN
024452	DESCARTAVEIS	FILTRO P/ FRITADEIRA PITCO 30UND
025299	DESCARTAVEIS	REDINHA PARA CABELO PRETA BK PCT C/ 100UN
026290	DESCARTAVEIS	BALDE DE PAPEL 900ML BK BO PACK NAC CX 500UND
031543	DESCARTAVEIS	GARFO SOBREMESA CX 1000 UND
031544	DESCARTAVEIS	KIT GARFO/FACA EMBALADOS
031886	DESCARTAVEIS	GUARDANAPO INTERFOLHADO BK CX 5400 UM
031887	DESCARTAVEIS	PAPEL TOALHA BK CX 6X200M
031888	DESCARTAVEIS	PAPEL TOALHA INTERFOLHADA 24X350
031896	DESCARTAVEIS	COPO SHAKE 440ML BIO BK CX 900UN
031897	DESCARTAVEIS	COPO CORTESIA BIO 200ML BK CX 2000 UND
034741	DESCARTAVEIS	TAMPA SUNDAE BK CX C/1200 UND
010880	EMBALAGENS	BANDEJA PRETA BK C/ 50 UND
035293	EMBALAGENS	CARTONAGEM BATATA MEDIA NOVA BK CX 1600 UND
004326	ESTOCAVEIS	ETIQUETA (TERCA) ROLO 1000 UN
004327	ESTOCAVEIS	ETIQUETA (SEGUNDA) ROLO 1000 UN
004328	ESTOCAVEIS	ETIQUETA (SABADO) ROLO 1000 UN
004329	ESTOCAVEIS	ETIQUETA (QUINTA) ROLO 1000 UN
010947	ESTOCAVEIS	SAL BK 0,5KG X 20FD
012331	ESTOCAVEIS	KIT DE MANUTENCAO ORINGS 162 BK
012332	ESTOCAVEIS	KIT DE MANUTENCAO ORINGS 336 BK
012333	ESTOCAVEIS	KIT DE MANUTENCAO ORINGS 8754 BK
020754	ESTOCAVEIS	OLEO ESPECIAL SUPREMA BK CX 18KG
021671	ESTOCAVEIS	SACHE KETCHUP BK HEINZ CX 1500X7GR
023188	ESTOCAVEIS	SACO BK CHICKEN C.C PCT 1000UNDS
024754	ESTOCAVEIS	BOBINA TERMICA 79X40 PALHA ATOCOTEPE BK C/ 30UN
028150	ESTOCAVEIS	KIT MEDIDOR OLEO IMP. BK
028288	ESTOCAVEIS	TEFLON TOASTER PRINCE CASTLE BK CX 5 UN
029750	ESTOCAVEIS	FUNDO BANDEJA INSTITUCIONAL BURGER KING CX 2000 UND
029842	ESTOCAVEIS	CANUDO PAPEL REFRIGERANTE BK CX 3000UND
030153	ESTOCAVEIS	CALDA MORANGO 6X1,25 CX C/7,5 KG
030489	ESTOCAVEIS	KETCHUP A GRANEL BK HEINZ CX 8X2KG
031161	ESTOCAVEIS	DOCE DE LEITE BK BISNAGA 1.5KG ELEGE CX4BG
031192	ESTOCAVEIS	CARTONAGEM BATATA GRANDE BK INNOVAPACK CX 1600 UND
031439	ESTOCAVEIS	TAMPA REFRIGERANTE 440ML NAC BK CX 1800UND
032374	ESTOCAVEIS	MAIONESE GRANEL BK CLEAN CX 6X3KG
032605	ESTOCAVEIS	PAZINHA SORVETE BK CX 3000UN BRANCA
032678	ESTOCAVEIS	COPO SUNDAE BK BLISTER 200ML CX 1000UN
032997	ESTOCAVEIS	SACHET MAIONESE CLEAN BK CX 600UND
033128	ESTOCAVEIS	TAMPA BALDE BK 900ML CX 1000UN
033290	ESTOCAVEIS	SAL REFINADO SACHE JR CX2500UN 0,8G
034600	ESTOCAVEIS	TAMPA SHAKE BK 440 ML CX COM 900 UND
034876	ESTOCAVEIS	BIS XTRA AO LEITE BK CX 4X24UN
035078	ESTOCAVEIS	ZIPCLIPS FECHA SACO BK CX 40 UM
035079	ESTOCAVEIS	DETERGENTE BK CLEANX GL 5 KG
035144	ESTOCAVEIS	SAQUINHO DE BATATA BK 22X11FD 6000UND
035211	ESTOCAVEIS	PETROGEL FILM PLUS 4 OZ
035407	ESTOCAVEIS	MOSTARDA HEINZ BK BAG 8X2KG
035408	ESTOCAVEIS	MOSTARDA HEINZ BK SACHE 2304 5G
035505	ESTOCAVEIS	SACO BK DELIVERY PCT 100 UND
035531	ESTOCAVEIS	CEBOLA FRITA CRISPY BENASSI 10X500 GR
035572	ESTOCAVEIS	PORTA COPOS P/ 2 COPOS BK 550 ML CX C/ 370 UND
035642	ESTOCAVEIS	COBERTURA CHOCO BK CX 9X1,05 KG CLEAN LABEL
035740	ESTOCAVEIS	MAIONESE VERDE SACHET CX COM 304 UND
035835	ESTOCAVEIS	MAIONESE SACHET SABOR BACON CX C/304 UND
035912	ESTOCAVEIS	NUTELLA BK CX C/2X3KG
036004	ESTOCAVEIS	CINTA FRE FIRE CX/100 UN SLEVEE
036083	ESTOCAVEIS	MOLHO BARBECUE BAG MP BK CX COM 5,5 KG
036084	ESTOCAVEIS	MOLHO BARBECUE BLISTER BK MP CX COM 144 UND 28G
036086	ESTOCAVEIS	COROA BURGUER KING CX 500 UND
036234	ESTOCAVEIS	CASQUINHA SORVETE BK - CX COM 300 UND
036243	ESTOCAVEIS	RECHEIO DE OVOMALTINE BK CX COM 6X4 KG
037709	ESTOCAVEIS	BACONESE BAG CX5X1,1KG BKC
037842	ESTOCAVEIS	ETIQ LACRE DE SEGURANCA BKC 79,94X39,93MM
037967	ESTOCAVEIS	MOLHO STACKER BAG CL BK CX5X1,1KG
037987	ESTOCAVEIS	PEPINO FATIADO DRENAD BK CX6X2,300KG
038112	ESTOCAVEIS	CESTO PARA PAO PRETO UN
038479	ESTOCAVEIS	FILME PELICULA PVC 1000MT 40CM WIDE
038480	ESTOCAVEIS	SACO P/ LIXO 40LT REFORCADO PCT 100 UND
038481	ESTOCAVEIS	SACO P LIXO 100LT BL4 PCT 100 UND
038482	ESTOCAVEIS	SACO P LIXO 200LT BL4 PCT 100 UND
038641	ESTOCAVEIS	TAMPA BATATA SUPREMA GRANDE CX 350 UND
038642	ESTOCAVEIS	TAMPA BATATA SUPREMA MEDIA CX 350 UND
038643	ESTOCAVEIS	FUNDO BATATA SUPREMA MEDIA CX 600 UN
038644	ESTOCAVEIS	FUNDO BATATA SUPREMA GRANDE CX 350 UN
038742	ESTOCAVEIS	CART BATATA MEDIA DLV (NOVA) CX 500UN
038752	ESTOCAVEIS	PANO MULTIUSO BRANCO FIBERTEX CX 1200UN
038815	ESTOCAVEIS	COPO SHAKE 440ML CX 900 UND
038829	ESTOCAVEIS	CANUDO PAPEL MILK SHAKE 2024 CX 1000 UN
038838	ESTOCAVEIS	BOMBOM PRESTIGIO CX 30X114G
038851	ESTOCAVEIS	SACOLA P/ VIAGEM PCT 500 UN
038852	ESTOCAVEIS	SACO VIAGEM 6 LIBRAS PCT 1000 UN
038853	ESTOCAVEIS	SACO VIAGEM 12 LIBRAS PCT 1000 UN
038942	ESTOCAVEIS	LUVA PLASTICA DESCARTAVEL TAM UNICO
039059	ESTOCAVEIS	COOKIE GRANULADO BAUNI CL CX5X1KG
039142	ESTOCAVEIS	LEITE EM PO NINHO CX 12X0,575 KG
039300	ESTOCAVEIS	OVOMALTINE FLOCOS CX 12X750GR
039676	ESTOCAVEIS	BOBINAS LINERLESS 58MM BIXOLON CX20UN
040364	ESTOCAVEIS	LAMINA KING JR 2025 C.CLARO PCT3000UN
040365	ESTOCAVEIS	LAMINA CHICKEN BK 2025 C.CLARO PCT3000UN
040366	ESTOCAVEIS	LAMINA WHOPPER BK C.CLARO 2025 PCT3000UN
040367	ESTOCAVEIS	LAMINA BIG KING BK C.CLARO PCT3000UN
041476	ESTOCAVEIS	CRUMBS BISCOFF CX C 6KG 8X750G
041523	ESTOCAVEIS	SUCO UVA E MACA 300ML FD12
041524	ESTOCAVEIS	SUCO LARANJA MACA 300ML FD12
041962	ESTOCAVEIS	BEBIDA LACTEA BAUNILHA UHT 22,2 KG DIS
041963	ESTOCAVEIS	CAIXA BK THE KINGS C/375UN 2026
042049	ESTOCAVEIS	CARNE FRALDINHA DESF DEFUMADA CX 4KG 4X1
042124	ESTOCAVEIS	SUCO UVA/ MACA NATURAL ONE 180 ML FD C/6UN
042137	ESTOCAVEIS	TAMPA POTE BK 240ML MOLHAO CX C/600UN
042153	ESTOCAVEIS	POTE BK 240ML MOLHAO CX C/600UN
042226	ESTOCAVEIS	CALDA DE BANANA CX 7,5KG
042230	ESTOCAVEIS	BANANA BARBECUE SAUCE CX 1,1KGX5UN
042241	ESTOCAVEIS	COPO REFRIGERANTE 440ML CX C/900UN
042242	ESTOCAVEIS	COPO 550 ML BK DELIVERY CX C/1200UN
042288	ESTOCAVEIS	BK COPA MOLHO SWEET CHILLI BK CX C/3,3KG
042342	ESTOCAVEIS	TEMPERO SAL E PIMENTA BK BLEND 1,01KG
042395	ESTOCAVEIS	FUNDO DE BANDEJA MINIONS CX 200UN 4X500
042396	ESTOCAVEIS	COPO BK MINIONS CX C/320
042397	ESTOCAVEIS	COPO BK MINIONS 440ML CX 900
042402	ESTOCAVEIS	COROA MINIONS CX C/500UN
042403	ESTOCAVEIS	CAIXA ADULTO MINIONS CX C/160
003623	HIGIENE E LIMPEZA	PAPEL HIGIENICO INTERFOLHADO CX 48X250 F
004330	HIGIENE E LIMPEZA	ETIQUETA (DOMINGO) ROLO 1000 UN
004331	HIGIENE E LIMPEZA	ETIQUETA (SEXTA) ROLO 1000 UN
004333	HIGIENE E LIMPEZA	ETIQUETA (QUARTA) ROLO 1000 UN
021607	HIGIENE E LIMPEZA	LIMITADOR BOMBA DOSADORA DE COBERTURA NV BK PCT 6 UNDS
023119	HIGIENE E LIMPEZA	LUVA P/ LIXO CANO LONGO PCT 100 UND
024417	HIGIENE E LIMPEZA	MANTA SUPERIOR DE TEFLON BK CX C/ 1UN
024418	HIGIENE E LIMPEZA	MANTA DE TEFLON INFERIOR BK CX 3 UND
024453	HIGIENE E LIMPEZA	FILTRO P/ FRITADEIRA COM P CX 30UN
031883	HIGIENE E LIMPEZA	PAPEL HIGIENICO BK CX 8X500M
036061	HIGIENE E LIMPEZA	KIT DE ESCOVA BKC
036063	HIGIENE E LIMPEZA	REDINHA PARA CABELO BLACK BK PCT COM 5 UND
034638	MOLHOS	MOLHO FURIOSO NCM BK 5.5KG CLEAN
034862	MOLHOS	MOLHO FURIOSO BK NCM CX 144 BLISTER 28G UND
035083	MOLHOS E PIMENTAS	PIMENTA JALAPENO FAT CLEAN CX6X1,5KG
009266	PAPELARIA	LAPIS CERA CX 12 UNIDADES
019909	RESFRIADOS E CONGELADOS	TOMATE CARMEM ESTADO NATURAL BK REFRICON 7K
021055	RESFRIADOS E CONGELADOS	BATATA CONG PRE FRITA BK 9MM CX 12,5KG MCCAIN NV
021317	RESFRIADOS E CONGELADOS	BACON BK ASS CUBOS CX 2X1KG
025622	RESFRIADOS E CONGELADOS	CEBOLA BRANCA ESTADO NATURAL BK REFRICON CX 6KG
028451	RESFRIADOS E CONGELADOS	TENDER CRISPY FILE NOVO BK CX 4X2,5 KG
033919	RESFRIADOS E CONGELADOS	BROWNIE PICADO SEM NOZES BK 1KG C/4
034298	RESFRIADOS E CONGELADOS	BROWNIE BRIGADEIRO BK CX 24X50 G
034754	RESFRIADOS E CONGELADOS	PAO BK 5 CL CXG CONG 10500G UNB
034840	RESFRIADOS E CONGELADOS	PAO BK 4 CONG CXG 14900G UNB
035619	RESFRIADOS E CONGELADOS	QUEIJO CHEDDAR CLEAN NAC BK CX 17,66 KG
036252	RESFRIADOS E CONGELADOS	PAO BK SUPREMO CLEAN LABEL CX COM 180 UND
036409	RESFRIADOS E CONGELADOS	CARNE HB CONG BKC CX COM 18,7 KG
037466	RESFRIADOS E CONGELADOS	ALFACE AMERICANA EM ESTADO NATURAL BK-REFRICON CX12KG
038178	RESFRIADOS E CONGELADOS	HAMBURGUER REBEL SABOR PICANHA CX 122 UND 12KG
038585	RESFRIADOS E CONGELADOS	PAO BRIOCHE BK CX 192 UND
038810	RESFRIADOS E CONGELADOS	ONION RINGS BK CX 11KG
038866	RESFRIADOS E CONGELADOS	BACON ASSADO TIRAS MINERVA CX4X1KG
039642	RESFRIADOS E CONGELADOS	MOLHO CHEDDAR BNG 2KGX8UN
042284	RESFRIADOS E CONGELADOS	QUEIJO CRISPY BURGUER CX 2 DE 1,3KG
042293	RESFRIADOS E CONGELADOS	MARMITA CARNE DE PANELA 450G CX 12UN
042294	RESFRIADOS E CONGELADOS	MARMITA FEIJOADA 450G CX 12UN
042295	RESFRIADOS E CONGELADOS	MARMITA COXA DE FRANGO DESOSSADA 450G CX 12 UN
042296	RESFRIADOS E CONGELADOS	FUSILLI MOLHO A BOLONHESA 450G CX 12UN
042297	RESFRIADOS E CONGELADOS	FRANGO A PIZZAIOLO 450G CX 12UN
042298	RESFRIADOS E CONGELADOS	MARMITA CARNE MOIDA 450G CX 12UN
042299	RESFRIADOS E CONGELADOS	MARMITA ESTROGONOFE FRANGO 450G CX 12UN
042300	RESFRIADOS E CONGELADOS	MARMITA PERNIL SUINO 450G CX 12UN
025997	SORVETE	COLHER SORVETE PREMIUM BK CX 1000UND
